LEAD_ID,CAMPAÑA,BASE_ST,TIPO_ESTUDIANTE,CAMPUS,FUENTE_ORIGEN,CARRERA,FACULTAD,COLEGIO,PM,FECHA_REGISTRO,EDAD,AÑO_EGRESO,DEPARTAMENTO,PROVINCIA,DISTRITO,FECHA_PM,COLEGIO_TIPO,FECHA_ULT_VALORACION,RANGO_EDAD,RANGO_EGRESO,REG,UND,GENERO
b4bf0321-d68b-f011-b4cc-6045bd39511e,2026-01,RECICLADOS PARA MKT DIRECTO,Nuevo,OLIVOS,Reciclado,COMUNICACION Y DISEÑO GRAFICO,FACULTAD DE COMUNICACIONES,3098 CESAR VALLEJO,0,2025-09-01 12:00:00,0,2022.0,LIMA,LIMA,ANCON,,Publica,,[Otros],Egresos 2022,1,PG,Masculino
b4bf25c6-068c-f011-b4cc-000d3a8857b7,2026-01,RECICLADOS PARA MKT DIRECTO,Nuevo,OLIVOS,Reciclado,ADMINISTRACION,FACULTAD DE NEGOCIOS,SIN DATO,0,2025-09-01 12:00:00,43,0.0,PIURA,PIURA,PIURA,,SIN DATO,,[>40],SIN DATO,1,WA,SIN DATO
b4bf4946-0489-f011-b4cb-6045bd393fce,2026-01,RECICLADOS PARA MKT DIRECTO,Nuevo,OLIVOS,Reciclado,CONTABILIDAD Y FINANZAS,FACULTAD DE NEGOCIOS,SIN DATO,0,2025-09-01 12:00:00,31,0.0,LIMA,LIMA,LOS OLIVOS,,SIN DATO,,[31 - 35],SIN DATO,1,WA,Masculino
b4bf5574-d58b-f011-b4cb-000d3ac1aab3,2026-01,RECICLADOS PARA MKT DIRECTO,Nuevo,COMAS,Reciclado,CONTABILIDAD Y FINANZAS,FACULTAD DE NEGOCIOS,5172 HIJOS DE LUYA,0,2025-09-01 12:00:00,0,0.0,LIMA,LIMA,PUENTE PIEDRA,,Publica,,[Otros],SIN DATO,1,PG,SIN DATO
b4bf5b5a-f1bc-f011-bbd3-00224837e424,2026-01,COLEGIOS,Nuevo,SUR,Colegios,DERECHO Y CIENCIAS POLITICAS,FACULTAD DE DERECHO,20874,0,2025-11-08 12:00:00,17,2025.0,LIMA,CAÑETE,SAN VICENTE DE CAÑETE,,Publica,2025-12-11 12:00:00,[15 - 17],Egresos 2025,1,PG,SIN DATO
b4bf5e87-fc8a-f011-b4cb-6045bd393fce,2026-01,RECICLADOS PARA MKT DIRECTO,Nuevo,CAX,Reciclado,INGENIERIA DE SISTEMAS COMPUTACIONALES,FACULTAD DE INGENIERÍA,SAN JUAN,0,2025-09-01 12:00:00,0,0.0,CAJAMARCA,CHOTA,CHOTA,,Publica,,[Otros],SIN DATO,1,PG,Femenino
b4bf6138-84af-ef11-a72e-002248dfb440,2026-01,COLEGIOS,Nuevo,SUR,Colegios,ENFERMERIA,FACULTAD DE SALUD,JUAN GUERRERO QUIMPER,0,2025-09-01 12:00:00,0,2025.0,LIMA,LIMA,VILLA MARIA DEL TRIUNFO,,Publica,2026-02-06 12:00:00,[Otros],Egresos 2025,1,PG,
b4bf6ade-b38b-f011-b4cb-000d3ac1f548,2026-01,RECICLADOS PARA MKT DIRECTO,Nuevo,BREÑA,Reciclado,ADMINISTRACION BANCARIA Y FINANCIERA,FACULTAD DE NEGOCIOS,SIN DATO,0,2025-09-01 12:00:00,26,0.0,LIMA,LIMA,LIMA,,SIN DATO,,[26 - 30],SIN DATO,1,PG,SIN DATO
b4bf71ff-738b-f011-b4cb-000d3ac1aab3,2026-01,RECICLADOS,Nuevo,OLIVOS,Reciclado,SIN DATO,SIN DATO,SIN DATO,0,2025-09-01 12:00:00,28,0.0,CAJAMARCA,CAJAMARCA,CAJAMARCA,,SIN DATO,,[26 - 30],SIN DATO,1,PG,SIN DATO
b4bf747c-4a33-ef11-8e4e-002248df62f9,2026-01,COLEGIOS,Nuevo,OLIVOS,Colegios,COMUNICACION Y MARKETING DIGITAL,FACULTAD DE COMUNICACIONES,2078 NUESTRA SEÑORA DE LOURDES,1,2025-09-01 12:00:00,16,2025.0,LIMA,LIMA,CARABAYLLO,2026-01-02,Publica,2026-01-05 12:00:00,[15 - 17],Egresos 2025,1,PG,Femenino
b4bf7a16-498b-f011-b4cc-000d3ac084a3,2026-01,RECICLADOS PARA MKT DIRECTO,Nuevo,BREÑA,Reciclado,INGENIERIA INDUSTRIAL,FACULTAD DE INGENIERÍA,3015 LOS ANGELES DE JESUS,0,2025-09-01 12:00:00,0,2023.0,LIMA,LIMA,RIMAC,,Publica,,[Otros],Egresos 2023,1,PG,SIN DATO
b4d22279-ce8b-f011-b4cb-000d3a88e4b0,2026-01,RECICLADOS PARA MKT DIRECTO,Nuevo,BREÑA,Reciclado,ADMINISTRACION,FACULTAD DE NEGOCIOS,SACO OLIVEROS DE SAN FELIPE,0,2025-09-01 12:00:00,0,0.0,LIMA,LIMA,JESUS MARIA,,Privada,,[Otros],SIN DATO,1,PG,SIN DATO
b4d2435e-058d-f011-b4cb-000d3ac1f548,2026-01,NEW REINGRESO,New Reingreso,BREÑA,Reciclado,COMUNICACION Y PUBLICIDAD,FACULTAD DE COMUNICACIONES,SAN VICENTE DE PAUL,0,2025-09-01 12:00:00,30,2012.0,CALLAO,CALLAO,VENTANILLA,,Privada,2025-12-22 12:00:00,[26 - 30],Egresos < 2017,1,PG,Masculino
b4d2dca1-0489-f011-b4cb-002248381191,2026-01,RECICLADOS,Nuevo,COMAS,Reciclado,COMUNICACION Y DISEÑO GRAFICO,FACULTAD DE COMUNICACIONES,SIN DATO,0,2025-09-01 12:00:00,0,2024.0,LIMA,LIMA,LIMA,,SIN DATO,,[Otros],Egresos 2024,1,WA,Femenino
b4d32ec8-3d36-ef11-a317-00224838333c,2026-01,COLEGIOS,Nuevo,CAX,Colegios,ADMINISTRACION Y NEGOCIOS INTERNACIONALES,FACULTAD DE NEGOCIOS,MICAELA BASTIDAS,1,2025-09-01 12:00:00,17,2025.0,CAJAMARCA,CAJABAMBA,CAJABAMBA,2026-03-09,Publica,2026-03-09 12:00:00,[15 - 17],Egresos 2025,1,PG,Femenino
b4d33f7c-ec8b-f011-b4cc-6045bd3adc36,2026-01,RECICLADOS PARA MKT DIRECTO,Nuevo,TRUX,Reciclado,PSICOLOGIA,FACULTAD DE SALUD,SIN DATO,0,2025-09-01 12:00:00,0,0.0,SIN DATO,SIN DATO,SIN DATO,,SIN DATO,2025-12-01 12:00:00,[Otros],SIN DATO,1,PG,Femenino
b4d35849-6388-f011-b4cc-6045bd3ace64,2026-01,RECICLADOS,Nuevo,TRUX,Reciclado,ARQUITECTURA Y DISEÑO DE INTERIORES,FACULTAD DE ARQUITECTURA,80032 GENERALISIMO JOSE DE SAN MARTIN,0,2025-09-01 12:00:00,0,2024.0,LA LIBERTAD,TRUJILLO,FLORENCIA DE MORA,,Publica,,[Otros],Egresos 2024,1,PG,Femenino
b4d37401-bb02-f111-8407-7ced8da81326,2026-01,WEB,Nuevo,OLIVOS,Web,COMUNICACION Y MARKETING DIGITAL,FACULTAD DE COMUNICACIONES,SIN DATO,0,2026-02-05 12:00:00,0,0.0,SIN DATO,SIN DATO,SIN DATO,,SIN DATO,2026-02-07 12:00:00,[Otros],SIN DATO,1,WA,SIN DATO
b4d3e25d-0a8c-f011-b4cb-000d3a894aa8,2026-01,RECICLADOS PARA MKT DIRECTO,Nuevo,SJL,Reciclado,ADMINISTRACION,FACULTAD DE NEGOCIOS,SIN DATO,0,2025-09-01 12:00:00,0,0.0,SIN DATO,SIN DATO,SIN DATO,,SIN DATO,,[Otros],SIN DATO,1,WA,Femenino
b4d40067-bb88-f011-b4cc-000d3ac1e006,2026-01,RECICLADOS,Nuevo,VIRTUAL,Reciclado,INGENIERIA INDUSTRIAL,FACULTAD DE INGENIERÍA,SIN DATO,0,2025-09-01 12:00:00,0,0.0,MOQUEGUA,SIN DATO,SIN DATO,,SIN DATO,2026-02-12 12:00:00,[Otros],SIN DATO,1,CAD,SIN DATO
b4d40cdc-f48c-f011-b4cb-6045bd3c4778,2026-01,RECICLADOS PARA MKT DIRECTO,Nuevo,BREÑA,Reciclado,ADMINISTRACION Y MARKETING,FACULTAD DE NEGOCIOS,JESUS REPARADOR,0,2025-09-01 12:00:00,0,0.0,LIMA,LIMA,LIMA,,Privada,,[Otros],SIN DATO,1,PG,SIN DATO
b4d410eb-a6b4-f011-bbd3-6045bd3ad85b,2026-01,WEB,Nuevo,ATE,Web,PSICOLOGIA,FACULTAD DE SALUD,SIN DATO,0,2025-10-29 12:00:00,0,0.0,SIN DATO,SIN DATO,SIN DATO,,SIN DATO,2026-01-12 12:00:00,[Otros],SIN DATO,1,WA,SIN DATO
b4d41e4e-3594-f011-b4cb-00224836fb1b,2026-01,REINGRESO,Reingreso,BREÑA,Reciclado,NUTRICION Y DIETETICA,FACULTAD DE SALUD,0015 JOSE SANTOS CHOCANO GASTAÑODI,1,2025-09-01 12:00:00,30,2005.0,LIMA,LIMA,LIMA,2026-03-03,Publica,2026-03-02 12:00:00,[26 - 30],Egresos < 2017,1,WA,Femenino
b4d426ee-0689-f011-b4cb-000d3a88e4b0,2026-01,RECICLADOS PARA MKT DIRECTO,Nuevo,COMAS,Reciclado,CONTABILIDAD Y FINANZAS,FACULTAD DE NEGOCIOS,SIN DATO,0,2025-09-01 12:00:00,31,0.0,LIMA,LIMA,LIMA,,SIN DATO,,[31 - 35],SIN DATO,1,WA,Masculino
b4d43592-d687-f011-b4cc-002248e02436,2026-01,RECICLADOS,Nuevo,SJL,Reciclado,INGENIERIA CIVIL,FACULTAD DE INGENIERÍA,NICOLAS COPERNICO,0,2025-09-01 12:00:00,0,2024.0,LIMA,LIMA,SAN JUAN DE LURIGANCHO,,Publica,2025-10-17 12:00:00,[Otros],Egresos 2024,1,PG,SIN DATO
b4d467cc-0b8b-f011-b4cb-6045bd39cdf0,2026-01,RECICLADOS PARA MKT DIRECTO,Nuevo,OLIVOS,Reciclado,PSICOLOGIA,FACULTAD DE SALUD,SIN DATO,0,2025-09-01 12:00:00,0,0.0,LIMA,LIMA,LIMA,,SIN DATO,,[Otros],SIN DATO,1,WA,Masculino
b4d480ba-4688-f011-b4cc-6045bd39e968,2026-01,RECICLADOS,Nuevo,SJL,Reciclado,CONTABILIDAD Y FINANZAS,FACULTAD DE NEGOCIOS,1267,0,2025-09-01 12:00:00,0,2023.0,LIMA,LIMA,LURIGANCHO,,Publica,,[Otros],Egresos 2023,1,PG,SIN DATO
b4d48c73-b38b-f011-b4cb-6045bd393fce,2026-01,RECICLADOS PARA MKT DIRECTO,Nuevo,OLIVOS,Reciclado,INGENIERIA MECATRONICA,FACULTAD DE INGENIERÍA,FE Y ALEGRIA 33,0,2025-09-01 12:00:00,0,0.0,CALLAO,CALLAO,VENTANILLA,,Publica,,[Otros],SIN DATO,1,PG,SIN DATO
b4d4c70b-0c8b-f011-b4cb-6045bd3c2afa,2026-01,RECICLADOS PARA MKT DIRECTO,Nuevo,SJL,Reciclado,ADMINISTRACION,FACULTAD DE NEGOCIOS,20955-19,0,2025-09-01 12:00:00,0,0.0,LIMA,HUAROCHIRI,HUAROCHIRI,,Publica,,[Otros],SIN DATO,1,PG,SIN DATO
b4d4ef01-3788-f011-b4cc-6045bd39e968,2026-01,RECICLADOS,Nuevo,SUR,Reciclado,MEDICINA HUMANA,FACULTAD DE SALUD,SAN JUAN,0,2025-09-01 12:00:00,0,2024.0,LIMA,LIMA,SAN JUAN DE MIRAFLORES,,Publica,,[Otros],Egresos 2024,1,PG,SIN DATO
b4d4f6d1-fd8a-f011-b4cb-6045bd3c4778,2026-01,RECICLADOS PARA MKT DIRECTO,Nuevo,SJL,Reciclado,ADMINISTRACION Y SERVICIOS TURISTICOS,FACULTAD DE NEGOCIOS,MARISCAL RAMON CASTILLA,0,2025-09-01 12:00:00,0,0.0,LIMA,LIMA,ATE,,Privada,,[Otros],SIN DATO,1,PG,SIN DATO
b4d4fe29-be88-f011-b4cb-000d3a88e4b0,2026-01,RECICLADOS,Nuevo,BREÑA,Reciclado,PSICOLOGIA,FACULTAD DE SALUD,SIN DATO,0,2025-09-01 12:00:00,29,0.0,AREQUIPA,CAYLLOMA,CAYLLOMA,,SIN DATO,,[26 - 30],SIN DATO,1,WA,Femenino
b4d501d7-0589-f011-b4cc-6045bd3c4778,2026-01,RECICLADOS,Nuevo,SJL,Reciclado,CONTABILIDAD Y FINANZAS,FACULTAD DE NEGOCIOS,SIN DATO,0,2025-09-01 12:00:00,0,0.0,LIMA,LIMA,LIMA,,SIN DATO,,[Otros],SIN DATO,1,WA,Femenino
b4d5177e-d68a-f011-b4cc-000d3a8857b7,2026-01,RECICLADOS PARA MKT DIRECTO,Nuevo,SJL,Reciclado,ADMINISTRACION Y SERVICIOS TURISTICOS,FACULTAD DE NEGOCIOS,SIN DATO,0,2025-09-01 12:00:00,25,0.0,LIMA,LIMA,SAN JUAN DE LURIGANCHO,,SIN DATO,,[23 - 25],SIN DATO,1,PG,SIN DATO
b4d52aaf-912d-ef11-8e4f-002248e0f0b8,2026-01,COLEGIOS,Nuevo,COMAS,Colegios,ADMINISTRACION,FACULTAD DE NEGOCIOS,LICEO SANTO DOMINGO,0,2025-09-01 12:00:00,0,2025.0,LIMA,LIMA,SIN DATO,,Privada,2025-12-17 12:00:00,[Otros],Egresos 2025,1,PG,SIN DATO
b4d5337d-dd8a-f011-b4cc-000d3ac1e006,2026-01,RECICLADOS PARA MKT DIRECTO,Nuevo,SJL,Reciclado,INGENIERIA DE SISTEMAS COMPUTACIONALES,FACULTAD DE INGENIERÍA,1227 INDIRA GANDHI,0,2025-09-01 12:00:00,0,0.0,LIMA,LIMA,ATE,,Publica,,[Otros],SIN DATO,1,PG,SIN DATO
b4d5388e-c806-f111-8406-00224836bd63,2026-01,WEB,Nuevo,ATE,Web,DERECHO Y CIENCIAS POLITICAS,FACULTAD DE DERECHO,SIN DATO,0,2026-02-10 12:00:00,0,0.0,SIN DATO,SIN DATO,SIN DATO,,SIN DATO,2026-02-14 12:00:00,[Otros],SIN DATO,1,WA,SIN DATO
b4d5563d-6888-f011-b4cc-002248e02436,2026-01,RECICLADOS,Nuevo,TRUX,Reciclado,INGENIERIA CIVIL,FACULTAD DE INGENIERÍA,32014 JULIO ARMANDO RUIZ VASQUEZ,0,2025-09-01 12:00:00,18,2024.0,HUANUCO,HUANUCO,AMARILIS,,Publica,,[18 - 22],Egresos 2024,1,PG,SIN DATO
b4d586ab-d58a-f011-b4cc-002248376bc9,2026-01,RECICLADOS PARA MKT DIRECTO,Nuevo,VIRTUAL,Reciclado,CONTABILIDAD Y FINANZAS,FACULTAD DE NEGOCIOS,SIN DATO,0,2025-09-01 12:00:00,0,0.0,LIMA,SIN DATO,SIN DATO,,SIN DATO,,[Otros],SIN DATO,1,CAD,SIN DATO
b4d5943a-b487-f011-b4cb-000d3a894aa8,2026-01,RECICLADOS PARA MKT DIRECTO,Nuevo,SJL,Reciclado,ADMINISTRACION,FACULTAD DE NEGOCIOS,0025 SAN MARTIN DE PORRES,0,2025-09-01 12:00:00,29,2012.0,LIMA,LIMA,ATE,,Publica,,[26 - 30],Egresos < 2017,1,PG,Femenino
b4d5a904-a127-f111-88b3-002248d30fed,2026-01,WEB,Nuevo,VIRTUAL,Web,ECONOMIA,FACULTAD DE NEGOCIOS,SIN DATO,0,2026-03-24 12:00:00,0,0.0,LORETO,SIN DATO,SIN DATO,,SIN DATO,2026-03-24 12:00:00,[Otros],SIN DATO,1,CAD,SIN DATO
b4d5aa94-e7cb-f011-8543-002248e04d0d,2026-01,COLEGIOS,Nuevo,SUR,Colegios,COMUNICACION AUDIOVISUAL EN MEDIOS DIGITALES,FACULTAD DE COMUNICACIONES,1071 ALFONSO UGARTE,0,2025-11-27 12:00:00,0,2025.0,LIMA,LIMA,SAN ISIDRO,,Publica,,[Otros],Egresos 2025,1,PG,SIN DATO
b4d5ddf8-9387-f011-b4cc-6045bd39e968,2026-01,RECICLADOS,Nuevo,VIRTUAL,Reciclado,INGENIERIA INDUSTRIAL,FACULTAD DE INGENIERÍA,SIN DATO,0,2025-09-01 12:00:00,0,0.0,LA LIBERTAD,SIN DATO,SIN DATO,,SIN DATO,,[Otros],SIN DATO,1,CAD,Masculino
b4d6022f-bb88-f011-b4cc-000d3a8857b7,2026-01,RECICLADOS,Nuevo,OLIVOS,Reciclado,NUTRICION Y DIETETICA,FACULTAD DE SALUD,SIN DATO,0,2025-09-01 12:00:00,24,0.0,LIMA,HUAURA,SAYAN,,SIN DATO,,[23 - 25],SIN DATO,1,PG,SIN DATO
b4d63503-df3f-ef11-a317-002248362eb7,2026-01,COLEGIOS,Nuevo,OLIVOS,Colegios,PSICOLOGIA,FACULTAD DE SALUD,3049 IMPERIO DEL TAHUANTINSUYO,0,2025-09-01 12:00:00,0,2025.0,LIMA,LIMA,INDEPENDENCIA,,Publica,,[Otros],Egresos 2025,1,PG,SIN DATO
b4d66056-028c-f011-b4cc-000d3ac1e006,2026-01,RECICLADOS PARA MKT DIRECTO,Nuevo,VIRTUAL,Reciclado,ADMINISTRACION,FACULTAD DE NEGOCIOS,SIN DATO,0,2025-09-01 12:00:00,0,0.0,LA LIBERTAD,SIN DATO,SIN DATO,,SIN DATO,,[Otros],SIN DATO,1,CAD,SIN DATO
b4d6887b-9387-f011-b4cc-6045bd39511e,2026-01,RECICLADOS,Nuevo,VIRTUAL,Reciclado,PSICOLOGIA,FACULTAD DE SALUD,SIN DATO,0,2025-09-01 12:00:00,0,0.0,AMAZONAS,SIN DATO,SIN DATO,,SIN DATO,2025-11-20 12:00:00,[Otros],SIN DATO,1,CAD,SIN DATO
b4d6f11b-e58b-f011-b4cc-000d3a8857b7,2026-01,RECICLADOS PARA MKT DIRECTO,Nuevo,TRUX,Reciclado,ADMINISTRACION,FACULTAD DE NEGOCIOS,SIN DATO,0,2025-09-01 12:00:00,27,0.0,LIMA,LIMA,SAN MARTIN DE PORRES,,SIN DATO,,[26 - 30],SIN DATO,1,PG,Femenino
b4d6fa46-617d-f011-b4cc-002248e00f9b,2026-01,COLEGIOS,Nuevo,BREÑA,Colegios Admision Adelantada,ADMINISTRACION Y SERVICIOS TURISTICOS,FACULTAD DE NEGOCIOS,0005 ROSA DE SANTA MARIA,0,2025-09-01 12:00:00,0,2025.0,LIMA,LIMA,BREÑA,,Publica,2025-09-18 12:00:00,[Otros],Egresos 2025,1,PG,SIN DATO
b4d6ff21-2188-f011-b4cc-002248e0593f,2026-01,RECICLADOS,Nuevo,BREÑA,Reciclado,DERECHO Y CIENCIAS POLITICAS,FACULTAD DE DERECHO,TRILCE LOS OLIVOS,0,2025-09-01 12:00:00,0,2024.0,LIMA,LIMA,SAN MARTIN DE PORRES,,Privada,2025-11-14 12:00:00,[Otros],Egresos 2024,1,PG,SIN DATO
b4d70316-d88a-f011-b4cb-000d3a894aa8,2026-01,RECICLADOS PARA MKT DIRECTO,Nuevo,BREÑA,Reciclado,INGENIERIA INDUSTRIAL,FACULTAD DE INGENIERÍA,SIN DATO,0,2025-09-01 12:00:00,0,0.0,LIMA,LIMA,CHORRILLOS,,SIN DATO,,[Otros],SIN DATO,1,WA,Femenino
b4d76cff-fe8a-f011-b4cb-000d3ac0ff0a,2026-01,RECICLADOS PARA MKT DIRECTO,Nuevo,OLIVOS,Reciclado,ADMINISTRACION,FACULTAD DE NEGOCIOS,SIN DATO,0,2025-09-01 12:00:00,0,0.0,SIN DATO,SIN DATO,SIN DATO,,SIN DATO,,[Otros],SIN DATO,1,WA,Femenino
b4d779bc-4b8b-f011-b4cc-000d3a8944ee,2026-01,RECICLADOS PARA MKT DIRECTO,Nuevo,OLIVOS,Reciclado,INGENIERIA DE SISTEMAS COMPUTACIONALES,FACULTAD DE INGENIERÍA,3032 VILLA ANGELICA,0,2025-09-01 12:00:00,0,2023.0,LIMA,LIMA,SAN MARTIN DE PORRES,,Publica,,[Otros],Egresos 2023,1,PG,SIN DATO
b4e6ef97-908b-f011-b4cb-6045bd39cdf0,2026-01,RECICLADOS,Nuevo,SUR,Reciclado,ARQUITECTURA Y DISEÑO DE INTERIORES,FACULTAD DE ARQUITECTURA,6070 HEROES DEL ALTO CENEPA,0,2025-09-01 12:00:00,0,2024.0,LIMA,LIMA,VILLA EL SALVADOR,,Publica,,[Otros],Egresos 2024,1,PG,SIN DATO
b4e6f27c-dd8b-f011-b4cb-6045bd39cdf0,2026-01,RECICLADOS PARA MKT DIRECTO,Nuevo,TRUX,Reciclado,MEDICINA HUMANA,FACULTAD DE SALUD,SIN DATO,0,2025-09-01 12:00:00,47,0.0,SIN DATO,SIN DATO,SIN DATO,,SIN DATO,,[>40],SIN DATO,1,PG,Femenino
b4e6f4fa-058b-f011-b4cc-000d3ac084a3,2026-01,RECICLADOS PARA MKT DIRECTO,Nuevo,BREÑA,Reciclado,PSICOLOGIA,FACULTAD DE SALUD,TRILCE DE SAN ISIDRO,0,2025-09-01 12:00:00,0,0.0,LIMA,LIMA,SAN ISIDRO,,Privada,,[Otros],SIN DATO,1,PG,SIN DATO
b4e739b9-d08b-f011-b4cb-002248e02c5a,2026-01,RECICLADOS PARA MKT DIRECTO,Nuevo,OLIVOS,Reciclado,INGENIERIA CIVIL,FACULTAD DE INGENIERÍA,5141 DIVINO MAESTRO,0,2025-09-01 12:00:00,0,0.0,CALLAO,CALLAO,VENTANILLA,,Publica,,[Otros],SIN DATO,1,PG,Masculino
b4e74221-c08b-f011-b4cc-6045bd3bdcd7,2026-01,RECICLADOS PARA MKT DIRECTO,Nuevo,SJL,Reciclado,SIN DATO,SIN DATO,SIN DATO,0,2025-09-01 12:00:00,50,0.0,LIMA,HUAURA,AMBAR,,SIN DATO,,[>40],SIN DATO,1,PG,Masculino
b4e75f25-2137-ef11-a316-002248e13b66,2026-01,COLEGIOS,Nuevo,SJL,Colegios,ADMINISTRACION Y GESTION PUBLICA,FACULTAD DE NEGOCIOS,166 KAROL WOJTYLA,0,2025-09-01 12:00:00,0,2025.0,LIMA,LIMA,SAN JUAN DE LURIGANCHO,,Publica,2025-09-12 12:00:00,[Otros],Egresos 2025,1,PG,SIN DATO
b4e76ec1-40af-f011-bbd3-002248debf33,2026-01,COLEGIOS,Nuevo,OLIVOS,Colegios,SIN DATO,SIN DATO,GENES DE LOS OLIVOS,0,2025-10-22 12:00:00,16,2025.0,LIMA,LIMA,LOS OLIVOS,,Privada,2025-12-22 12:00:00,[15 - 17],Egresos 2025,1,PG,Femenino
b4e7820e-fb98-f011-b41b-00224837e424,2026-01,WEB,Nuevo,VIRTUAL,Web,EDUCACION INICIAL,FACULTAD DE EDUCACIÓN,SIN DATO,0,2025-09-23 12:00:00,0,0.0,CAJAMARCA,SIN DATO,SIN DATO,,SIN DATO,2026-04-06 12:00:00,[Otros],SIN DATO,1,CAD,Femenino
b4e7c7ad-0b8c-f011-b4cb-000d3ac19f47,2026-01,RECICLADOS,Nuevo,VIRTUAL,Reciclado,PSICOLOGIA,FACULTAD DE SALUD,SIN DATO,0,2025-09-01 12:00:00,0,0.0,LIMA,SIN DATO,SIN DATO,,SIN DATO,2025-11-20 12:00:00,[Otros],SIN DATO,1,CAD,SIN DATO
b4e7e058-fc8a-f011-b4cb-6045bd3aec1b,2026-01,RECICLADOS PARA MKT DIRECTO,Nuevo,BREÑA,Reciclado,ARQUITECTURA Y DISEÑO DE INTERIORES,FACULTAD DE ARQUITECTURA,1154 NUESTRA SEÑORA DEL CARMEN,0,2025-09-01 12:00:00,0,0.0,LIMA,LIMA,LIMA,,Publica,,[Otros],SIN DATO,1,PG,Masculino
b4e7f066-b788-f011-b4cb-6045bd393fce,2026-01,RECICLADOS,Nuevo,VIRTUAL,Reciclado,PSICOLOGIA,FACULTAD DE SALUD,SIN DATO,0,2025-09-01 12:00:00,0,0.0,LIMA,SIN DATO,SIN DATO,,SIN DATO,,[Otros],SIN DATO,1,CAD,SIN DATO
b4e88f4b-3888-f011-b4cb-6045bd3c8abd,2026-01,RECICLADOS,Nuevo,BREÑA,Reciclado,ADMINISTRACION BANCARIA Y FINANCIERA,FACULTAD DE NEGOCIOS,1140 AURELIO MIRO QUEZADA SOSA,0,2025-09-01 12:00:00,0,2023.0,LIMA,LIMA,LA MOLINA,,Publica,,[Otros],Egresos 2023,1,PG,SIN DATO
b4e8b211-de8b-f011-b4cb-002248e02c5a,2026-01,RECICLADOS PARA MKT DIRECTO,Nuevo,SJL,Reciclado,COMUNICACION AUDIOVISUAL EN MEDIOS DIGITALES,FACULTAD DE COMUNICACIONES,JESUS SACRAMENTADO,0,2025-09-01 12:00:00,0,2022.0,LIMA,LIMA,CIENEGUILLA,,Publica,,[Otros],Egresos 2022,1,PG,Femenino
b4e8c795-9688-f011-b4cc-6045bd3adc36,2026-01,RECICLADOS PARA MKT DIRECTO,Nuevo,VIRTUAL,Reciclado,INGENIERIA INDUSTRIAL,FACULTAD DE INGENIERÍA,SIN DATO,0,2025-09-01 12:00:00,0,0.0,LA LIBERTAD,SIN DATO,SIN DATO,,SIN DATO,,[Otros],SIN DATO,1,CAD,SIN DATO
b4e8d91c-9b88-f011-b4cc-002248dfd78d,2026-01,RECICLADOS,Nuevo,SUR,Reciclado,ENFERMERIA,FACULTAD DE SALUD,CRISTIANIA,0,2025-09-01 12:00:00,18,2024.0,LIMA,LIMA,CHORRILLOS,,Privada,,[18 - 22],Egresos 2024,1,PG,SIN DATO
b4e9172e-0e8d-f011-b4cb-000d3ac1f548,2026-01,NEW REINGRESO,New Reingreso,TRUX,Reciclado,INGENIERIA LOGISTICA Y TRANSPORTE,FACULTAD DE INGENIERÍA,SIN DATO,0,2025-09-08 12:00:00,0,0.0,SIN DATO,SIN DATO,SIN DATO,,SIN DATO,,[Otros],SIN DATO,1,PG,SIN DATO
b4e91fbf-c188-f011-b4cc-000d3ac1e006,2026-01,RECICLADOS,Nuevo,OLIVOS,Reciclado,INGENIERIA CIVIL,FACULTAD DE INGENIERÍA,LA ALBORADA FRANCESA,0,2025-09-01 12:00:00,26,2015.0,LIMA,LIMA,CARABAYLLO,,Publica,,[26 - 30],Egresos < 2017,1,PG,Femenino
b4e9257f-d636-f011-8c4d-002248df0260,2026-01,COLEGIOS,Nuevo,SJL,Colegios,COMUNICACION,FACULTAD DE COMUNICACIONES,0171 01 JUAN VELASCO ALVARADO,0,2025-09-01 12:00:00,0,2025.0,LIMA,LIMA,SAN JUAN DE LURIGANCHO,,Publica,2026-02-16 12:00:00,[Otros],Egresos 2025,1,PG,SIN DATO
b4e96806-e1ec-f011-8407-000d3ac1a0f2,2026-01,WEB,Nuevo,OLIVOS,Web Admisión Adelantada,MEDICINA HUMANA,FACULTAD DE SALUD,SIN DATO,0,2026-01-08 12:00:00,0,0.0,SIN DATO,SIN DATO,SIN DATO,,SIN DATO,2026-01-08 12:00:00,[Otros],SIN DATO,1,PG,SIN DATO
b4e96fd5-058b-f011-b4cb-000d3ac19f47,2026-01,RECICLADOS PARA MKT DIRECTO,Nuevo,BREÑA,Reciclado,ADMINISTRACION,FACULTAD DE NEGOCIOS,SIN DATO,0,2025-09-01 12:00:00,0,0.0,LIMA,LIMA,SAN JUAN DE MIRAFLORES,,SIN DATO,,[Otros],SIN DATO,1,WA,Masculino
b4e96fec-52c7-f011-8544-002248360445,2026-01,COLEGIOS,Nuevo,SUR,Colegios,ADMINISTRACION,FACULTAD DE NEGOCIOS,NUESTRA SEÑORA DE LA ASUNCION,0,2025-11-21 12:00:00,17,2025.0,SIN DATO,SIN DATO,SIN DATO,,Publica,2026-02-14 12:00:00,[15 - 17],Egresos 2025,1,PG,SIN DATO
b4e98acb-058c-f011-b4cc-002248deb3c7,2026-01,RECICLADOS PARA MKT DIRECTO,Nuevo,BREÑA,Reciclado,CONTABILIDAD Y FINANZAS,FACULTAD DE NEGOCIOS,SIN DATO,0,2025-09-01 12:00:00,0,0.0,SIN DATO,SIN DATO,SIN DATO,,SIN DATO,,[Otros],SIN DATO,1,WA,SIN DATO
b4e9a35d-e38a-f011-b4cb-000d3ac19f47,2026-01,RECICLADOS PARA MKT DIRECTO,Nuevo,COMAS,Reciclado,ADMINISTRACION,FACULTAD DE NEGOCIOS,SIN DATO,0,2025-09-01 12:00:00,30,2012.0,UCAYALI,CORONEL PORTILLO,CALLERIA,,SIN DATO,,[26 - 30],Egresos < 2017,1,PG,Masculino
b4e9a520-3994-f011-b4cb-000d3ac08ce0,2026-01,NEW REINGRESO,New Reingreso,SJL,Reciclado,OBSTETRICIA,FACULTAD DE SALUD,SIN DATO,0,2025-09-01 12:00:00,0,0.0,SIN DATO,SIN DATO,SIN DATO,,SIN DATO,2025-09-23 12:00:00,[Otros],SIN DATO,1,PG,SIN DATO
b4e9b748-4188-f011-b4cc-002248e00f9b,2026-01,INBOX,Nuevo,OLIVOS,Inbox,ENFERMERIA,FACULTAD DE SALUD,00116,1,2025-09-02 12:00:00,27,2014.0,LIMA,LIMA,COMAS,2025-10-17,Publica,2025-10-17 12:00:00,[26 - 30],Egresos < 2017,1,PG,Femenino
b4e9c6a7-a7cb-f011-8544-00224837ec1e,2026-01,COLEGIOS,Nuevo,CAX,Colegios,COMUNICACION Y PUBLICIDAD,FACULTAD DE COMUNICACIONES,MARIO FLORIAN DIAZ,0,2025-11-27 12:00:00,17,2025.0,CAJAMARCA,CONTUMAZA,SIN DATO,,Publica,2025-12-16 12:00:00,[15 - 17],Egresos 2025,1,PG,SIN DATO
b4ea2f17-9787-f011-b4cc-002248de888f,2026-01,RECICLADOS,Nuevo,SUR,Reciclado,PSICOLOGIA,FACULTAD DE SALUD,SIN DATO,0,2025-09-01 12:00:00,41,0.0,LIMA,LIMA,SAN JUAN DE MIRAFLORES,,SIN DATO,2025-11-06 12:00:00,[>40],SIN DATO,1,PG,Femenino
b4ea6e9e-a888-f011-b4cc-000d3a890c9a,2026-01,RECICLADOS,Nuevo,SJL,Reciclado,ADMINISTRACION Y MARKETING,FACULTAD DE NEGOCIOS,SIN DATO,0,2025-09-01 12:00:00,35,0.0,LIMA,LIMA,SAN JUAN DE LURIGANCHO,,SIN DATO,2025-12-27 12:00:00,[31 - 35],SIN DATO,1,WA,Femenino
b4ea99a1-b68b-f011-b4cc-000d3ac1e006,2026-01,RECICLADOS,Nuevo,COMAS,Reciclado,ADMINISTRACION,FACULTAD DE NEGOCIOS,SIN DATO,0,2025-09-01 12:00:00,44,0.0,JUNIN,TARMA,TARMA,,SIN DATO,,[>40],SIN DATO,1,PG,SIN DATO
b4eaa233-098b-f011-b4cb-002248e02c5a,2026-01,RECICLADOS PARA MKT DIRECTO,Nuevo,OLIVOS,Reciclado,DERECHO Y CIENCIAS POLITICAS,FACULTAD DE DERECHO,SIN DATO,0,2025-09-01 12:00:00,19,0.0,LIMA,LIMA,LOS OLIVOS,,SIN DATO,,[18 - 22],SIN DATO,1,PG,SIN DATO
b4eaa54c-f888-f011-b4cb-002248de8755,2026-01,RECICLADOS PARA MKT DIRECTO,Nuevo,BREÑA,Reciclado,ADMINISTRACION,FACULTAD DE NEGOCIOS,SIN DATO,0,2025-09-01 12:00:00,39,0.0,LIMA,LIMA,LIMA,,SIN DATO,2025-12-11 12:00:00,[36 - 40],SIN DATO,1,WA,Femenino
b4eb28a3-ed8a-f011-b4cc-002248deb3c7,2026-01,RECICLADOS PARA MKT DIRECTO,Nuevo,VIRTUAL,Reciclado,DERECHO Y CIENCIAS POLITICAS,FACULTAD DE DERECHO,SIN DATO,0,2025-09-01 12:00:00,0,0.0,SAN MARTIN,SIN DATO,SIN DATO,,SIN DATO,,[Otros],SIN DATO,1,CAD,Femenino
b4eb2ba2-d68a-f011-b4cb-6045bd393fce,2026-01,RECICLADOS PARA MKT DIRECTO,Nuevo,SUR,Reciclado,COMUNICACION Y DISEÑO GRAFICO,FACULTAD DE COMUNICACIONES,REPUBLICA DEL ECUADOR,0,2025-09-01 12:00:00,0,2023.0,LIMA,LIMA,VILLA MARIA DEL TRIUNFO,,Publica,,[Otros],Egresos 2023,1,PG,Masculino
b4eb500f-ed8a-f011-b4cb-6045bd3c2afa,2026-01,RECICLADOS PARA MKT DIRECTO,Nuevo,OLIVOS,Reciclado,ADMINISTRACION,FACULTAD DE NEGOCIOS,SIN DATO,0,2025-09-01 12:00:00,0,0.0,SIN DATO,SIN DATO,SIN DATO,,SIN DATO,,[Otros],SIN DATO,1,PG,Femenino
b4eb5352-7b9a-ef11-a72e-002248d2d29a,2026-01,COLEGIOS,Nuevo,SJL,Colegios,ADMINISTRACION Y GESTION DEL EMPRENDIEMIENTO,FACULTAD DE NEGOCIOS,SAN JUAN BAUTISTA,0,2025-09-01 12:00:00,0,2025.0,LIMA,LIMA,SAN JUAN DE LURIGANCHO,,Privada,2025-10-16 12:00:00,[Otros],Egresos 2025,1,PG,Masculino
b4eb599c-e78b-f011-b4cb-6045bd3aec1b,2026-01,RECICLADOS PARA MKT DIRECTO,Nuevo,OLIVOS,Reciclado,SIN DATO,SIN DATO,EL AMAUTA,0,2025-09-01 12:00:00,0,0.0,LIMA,LIMA,COMAS,,Publica,,[Otros],SIN DATO,1,PG,Masculino
b4eb8674-8aae-f011-bbd3-6045bd39b0be,2026-01,COLEGIOS,Nuevo,OLIVOS,Colegios,ARQUITECTURA Y URBANISMO,FACULTAD DE ARQUITECTURA,TRILCE LOS OLIVOS,0,2025-10-21 12:00:00,17,2025.0,LIMA,LIMA,SAN MARTIN DE PORRES,,Privada,2025-10-27 12:00:00,[15 - 17],Egresos 2025,1,PG,SIN DATO
b4eb90e2-e38a-f011-b4cb-6045bd393fce,2026-01,RECICLADOS PARA MKT DIRECTO,Nuevo,COMAS,Reciclado,DERECHO Y CIENCIAS POLITICAS,FACULTAD DE DERECHO,LA FE DE MARIA,0,2025-09-01 12:00:00,0,0.0,LIMA,LIMA,COMAS,,Privada,,[Otros],SIN DATO,1,PG,SIN DATO
b4eba00b-0dbb-f011-bbd3-002248360445,2026-01,COLEGIOS,Nuevo,TRUX,Colegios,GASTRONOMIA Y GESTION DE RESTAURANTES,FACULTAD DE NEGOCIOS,81902,0,2025-11-06 12:00:00,17,2025.0,LA LIBERTAD,CHEPEN,PACANGA,,Publica,2025-11-07 12:00:00,[15 - 17],Egresos 2025,1,PG,SIN DATO
b4ebeae3-e88a-f011-b4cc-000d3a892587,2026-01,RECICLADOS PARA MKT DIRECTO,Nuevo,SJL,Reciclado,INGENIERIA INDUSTRIAL,FACULTAD DE INGENIERÍA,SIN DATO,0,2025-09-01 12:00:00,33,0.0,LIMA,LIMA,SAN JUAN DE LURIGANCHO,,SIN DATO,,[31 - 35],SIN DATO,1,WA,SIN DATO
b4ec3ded-b18b-f011-b4cb-000d3ac19f47,2026-01,RECICLADOS PARA MKT DIRECTO,Nuevo,TRUX,Reciclado,DERECHO Y CIENCIAS POLITICAS,FACULTAD DE DERECHO,ANTONIO RAIMONDI,0,2025-09-01 12:00:00,24,0.0,LA LIBERTAD,VIRU,CHAO,,Privada,,[23 - 25],SIN DATO,1,PG,Femenino
b4ec6c52-e227-f111-88b3-6045bd3abe3e,2026-01,NEW REINGRESO,New Reingreso,SIN DATO,Baja_Academica,SIN DATO,SIN DATO,SIN DATO,0,2026-03-24 12:00:00,0,0.0,SIN DATO,SIN DATO,SIN DATO,,SIN DATO,,[Otros],SIN DATO,1,WA,SIN DATO
b4ec71ea-05b9-f011-bbd3-002248d2d770,2026-01,BECAS,Nuevo,OLIVOS,Web,ENFERMERIA,FACULTAD DE SALUD,SIN DATO,0,2025-11-03 12:00:00,0,0.0,SIN DATO,SIN DATO,SIN DATO,,SIN DATO,2025-12-05 12:00:00,[Otros],SIN DATO,1,PG,SIN DATO
b4fc7701-9988-f011-b4cb-6045bd3c2afa,2026-01,RECICLADOS,Nuevo,VIRTUAL,Reciclado,ECONOMIA Y NEGOCIOS INTERNACIONALES,FACULTAD DE NEGOCIOS,SIN DATO,0,2025-09-01 12:00:00,0,0.0,CUSCO,SIN DATO,SIN DATO,,SIN DATO,2025-12-04 12:00:00,[Otros],SIN DATO,1,CAD,SIN DATO
b4fc9ab1-df8a-f011-b4cc-002248dfd78d,2026-01,RECICLADOS PARA MKT DIRECTO,Nuevo,CAX,Reciclado,ADMINISTRACION,FACULTAD DE NEGOCIOS,SIN DATO,0,2025-09-01 12:00:00,0,0.0,SIN DATO,SIN DATO,SIN DATO,,SIN DATO,,[Otros],SIN DATO,1,WA,Femenino
b4fc9d8f-3494-f011-b4cb-002248dfb69d,2026-01,NEW REINGRESO,New Reingreso,VIRTUAL,Reciclado,DERECHO Y CIENCIAS POLITICAS,FACULTAD DE DERECHO,GARCILASO DE LA VEGA DE CARABAYLLO,1,2025-09-01 12:00:00,23,2019.0,LIMA,LIMA,CARABAYLLO,2025-09-29,Privada,2025-09-26 12:00:00,[23 - 25],Egresos del 2017 al 2021,1,CAD,Masculino
b4fcdea6-fc8a-f011-b4cb-000d3a894aa8,2026-01,RECICLADOS PARA MKT DIRECTO,Nuevo,SJL,Reciclado,ADMINISTRACION,FACULTAD DE NEGOCIOS,SIN DATO,0,2025-09-01 12:00:00,41,2012.0,CUSCO,CUSCO,WANCHAQ,,SIN DATO,,[>40],Egresos < 2017,1,PG,SIN DATO
